# DC schema
 
# --- !Ups

CREATE TABLE COMPANY (
  ID INTEGER NOT NULL AUTO_INCREMENT PRIMARY KEY,
  NAME VARCHAR(255),
  ADDRESS VARCHAR(255)
);

CREATE TABLE TEAM (
  ID INTEGER NOT NULL AUTO_INCREMENT PRIMARY KEY,
  NAME VARCHAR(255),
  COMPANY INTEGER NOT NULL,
  FOREIGN KEY (COMPANY) REFERENCES COMPANY (ID)
);


CREATE TABLE PROJECT (
    ID INTEGER NOT NULL AUTO_INCREMENT PRIMARY KEY,
    NAME VARCHAR(255) NOT NULL
);

CREATE TABLE TASK (
    ID INTEGER NOT NULL AUTO_INCREMENT PRIMARY KEY,
    COLOR VARCHAR(255) NOT NULL,
    STATUS VARCHAR(255) NOT NULL,
    PROJECT INTEGER NOT NULL,
    FOREIGN KEY (PROJECT) REFERENCES PROJECT (ID)
);



CREATE TABLE USER (
  ID INTEGER NOT NULL AUTO_INCREMENT PRIMARY KEY,
  USERNAME VARCHAR(255) NOT NULL,
  EMAIL VARCHAR(255) NOT NULL,
  PASSWORD VARCHAR(255) NOT NULL
);

CREATE TABLE MT_RESOURCE (
  ID INTEGER NOT NULL AUTO_INCREMENT PRIMARY KEY,
  RESOURCE_TYPE VARCHAR(255) NOT NULL, -- 리소스 구분
  PRODUCT VARCHAR(255) NOT NULL, -- 제품
  CODE_MAJOR VARCHAR(255) NOT NULL, -- 대분류
  CODE_MINOR VARCHAR(255) NOT NULL, -- 소분류
  RESOURCE_ID VARCHAR(255) NOT NULL, -- 소분류
  DESCRIPTION VARCHAR(255) NOT NULL  --  비고
);


INSERT INTO PROJECT VALUES(1,'RET-PR'), (2,'RVI-PR'), (3,'GDUCK-PR'), (4,'MOB-PR'), (5,'CYCLON-PR');
INSERT INTO TASK VALUES(1,'RED','ready', 1), (2,'BLUE','set', 1);
INSERT INTO TASK VALUES(3,'RED','go', 2), (4,'YELLOW','ready', 2), (5,'BLACK','set', 2);
INSERT INTO TASK VALUES(6,'RED','go', 3), (7,'BLACK','ready', 3), (8,'YELLOW','set', 3);
INSERT INTO TASK VALUES(9,'WHITE','go', 4), (10,'BLUE','ready', 4), (11,'RED','set', 4);
INSERT INTO USER VALUES(1, 'chang850', 'chyun@pport' ,'123'),(2, 'mt1234','seh@pport', '123'),(3, 'mp9709','changgil@pport', '123'),(4, 'mp9708','changgil@pport', '123');


# --- !Downs
DROP TABLE TASK;
DROP TABLE PROJECT;
DROP TABLE TEAM;
DROP TABLE COMPANY;
DROP TABLE USER;
